{
    "loss": 0.638660728931427,
    "accuracy": 0.5686274766921997
}