{
    "loss": 0.6728041768074036,
    "accuracy": 0.6666666865348816
}