{
    "loss": 0.6721847653388977,
    "accuracy": 0.44117647409439087
}